Workbook

Sheet Bracket
A1: 2026 FIFA World Cup Pick'em Bracket
A2: Fill orange pick cells from left to right. This version has final Round of 32 teams populated.
A3: Name | B3: Jimmy Nguyen | E3: Total Bracket Score | F3: =SUM(B4:F4) -> -4.3
A4: Points | B4: =IF(B5=SUM(Results!F2:F17),1,1-ABS((B5-SUM(Results!F2:F17))*0.1))+IF(Bracket!C9=Results!E2,Results!G2,0)+IF(Bracket!C11=Results!E3,Results!G3,0)+IF(Bracket!C13=Results!E4,Results!G4,0)+IF(Bracket!C15=Results!E5,Results!G5,0)+IF(Bracket!C17=Results!E6,Results!G6,0)+IF(Bracket!C19=Results!E7,Results!G7,0)+IF(Bracket!C21=Results!E8,Results!G8,0)+IF(Bracket!C23=Results!E9,Results!G9,0)+IF(Bracket!C25=Results!E10,Results!G10,0)+IF(Bracket!C27=Results!E11,Results!G11,0)+IF(Bracket!C29=Results!E12,Results!G12,0)+IF(Bracket!C31=Results!E13,Results!G13,0)+IF(Bracket!C33=Results!E14,Results!G14,0)+IF(Bracket!C35=Results!E15,Results!G15,0)+IF(Bracket!C37=Results!E16,Results!G16,0)+IF(Bracket!C39=Results!E17,Results!G17,0) -> -3.8 | C4: =IF(C5=SUM(Results!F18:F25),1,1-ABS((C5-SUM(Results!F18:F25))*0.1))+IF(Bracket!D10=Results!E18,Results!G18,0)+IF(Bracket!D14=Results!E19,Results!G19,0)+IF(Bracket!D18=Results!E20,Results!G20,0)+IF(Bracket!D22=Results!E21,Results!G21,0)+IF(Bracket!D26=Results!E22,Results!G22,0)+IF(Bracket!D30=Results!E23,Results!G23,0)+IF(Bracket!D34=Results!E24,Results!G24,0)+IF(Bracket!D38=Results!E25,Results!G25,0) -> -1.4 | D4: =IF(D5=SUM(Results!F26:F29),1,1-ABS((D5-SUM(Results!F26:F29))*0.1))+IF(E11=Results!E26,Results!G26,0)+IF(Bracket!E19=Results!E27,Results!G27,0)+IF(Bracket!E27=Results!E28,Results!G28,0)+IF(Bracket!E35=Results!E29,Results!G29,0) -> -0.2 | E4: =IF(E5=SUM(Results!F30:F31),1,1-ABS((E5-SUM(Results!F30:F31))*0.1))+IF(Bracket!F14=Results!E30,Results!G30,0)+IF(Bracket!F30=Results!E31,Results!G31,0) -> 0.4 | F4: =IF(F5=SUM(Results!F32),1,1-ABS((F5-SUM(Results!F32))*0.1))+IF(G19=Results!E32,Results!G32,0) -> 0.7
A5: Total Goals Scored | B5: 48 | C5: 24 | D5: 12 | E5: 6 | F5: 3
A8: Round of 32 | C8: Round of 16 | D8: Quarter Finals | E8: Semi Finals | F8: Final | G8: World Cup Winner
A9: Game 1 | B9: Germany | C9: Germany
B10: Paraguay | D10: France
A11: Game 2 | B11: France | C11: France | E11: France
B12: Sweden
A13: Game 3 | B13: South Africa | C13: Canada
B14: Canada | D14: Netherlands | F14: France
A15: Game 4 | B15: Netherlands | C15: Netherlands
B16: Morocco
A17: Game 5 | B17: Portugal | C17: Portugal
B18: Croatia | D18: Portugal
A19: Game 6 | B19: Spain | C19: Spain | E19: Portugal | G19: Argentina
B20: Austria
A21: Game 7 | B21: United States | C21: United States
B22: Bosnia-Herz | D22: Belgium
A23: Game 8 | B23: Belgium | C23: Belgium
B24: Senegal
A25: Game 9 | B25: Brazil | C25: Brazil
B26: Japan | D26: Brazil
A27: Game 10 | B27: Ivory Coast | C27: Norway | E27: Brazil
B28: Norway
A29: Game 11 | B29: Mexico | C29: Mexico
B30: Ecuador | D30: Mexico | F30: Argentina
A31: Game 12 | B31: England | C31: England
B32: DR Congo
A33: Game 13 | B33: Argentina | C33: Argentina
B34: Cape Verde | D34: Argentina
A35: Game 14 | B35: Australia | C35: Egypt | E35: Argentina
B36: Egypt
A37: Game 15 | B37: Switzerland | C37: Switzerland
B38: Algeria | D38: Columbia
A39: Game 16 | B39: Columbia | C39: Columbia
B40: Ghana

Sheet Results
A1: Game | B1: Round | C1: Team A | D1: Team B | E1: Actual Winner | F1: Actual Goals | G1: Points
A2: Game 1 | B2: R32 | C2: Germany | D2: Paraguay | G2: 1
A3: Game 2 | B3: R32 | C3: France | D3: Sweden | G3: 1
A4: Game 3 | B4: R32 | C4: South Africa | D4: Canada | G4: 1
A5: Game 4 | B5: R32 | C5: Netherlands | D5: Morocco | G5: 1
A6: Game 5 | B6: R32 | C6: Portugal | D6: Croatia | G6: 1
A7: Game 6 | B7: R32 | C7: Spain | D7: Austria | G7: 1
A8: Game 7 | B8: R32 | C8: United States | D8: Bosnia-Herz | G8: 1
A9: Game 8 | B9: R32 | C9: Belgium | D9: Senegal | G9: 1
A10: Game 9 | B10: R32 | C10: Brazil | D10: Japan | G10: 1
A11: Game 10 | B11: R32 | C11: Ivory Coast | D11: Norway | G11: 1
A12: Game 11 | B12: R32 | C12: Mexico | D12: Ecuador | G12: 1
A13: Game 12 | B13: R32 | C13: England | D13: DR Congo | G13: 1
... A17: Game 16 | B17: R32 | C17: Columbia | D17: Ghana | G17: 1
A18: Game 17 | B18: R16 | C18: =E2 -> 0 | D18: =E3 -> 0 | G18: 2
A19: Game 18 | B19: R16 | C19: =E4 -> 0 | D19: =E5 -> 0 | G19: 2
A20: Game 19 | B20: R16 | C20: =E6 -> 0 | D20: =E7 -> 0 | G20: 2
A21: Game 20 | B21: R16 | C21: =E8 -> 0 | D21: =E9 -> 0 | G21: 2
A22: Game 21 | B22: R16 | C22: =E10 -> 0 | D22: =E11 -> 0 | G22: 2
A23: Game 22 | B23: R16 | C23: =E12 -> 0 | D23: =E13 -> 0 | G23: 2
A24: Game 23 | B24: R16 | C24: =E14 -> 0 | D24: =E15 -> 0 | G24: 2
A25: Game 24 | B25: R16 | C25: =E16 -> 0 | D25: =E17 -> 0 | G25: 2
A26: Game 25 | B26: QF | C26: =E18 -> 0 | D26: =E19 -> 0 | G26: 4
A27: Game 26 | B27: QF | C27: =E20 -> 0 | D27: =E21 -> 0 | G27: 4
A28: Game 27 | B28: QF | C28: =E22 -> 0 | D28: =E23 -> 0 | G28: 4
A29: Game 28 | B29: QF | C29: =E24 -> 0 | D29: =E25 -> 0 | G29: 4
A30: Game 29 | B30: SF | C30: =E26 -> 0 | D30: =E27 -> 0 | G30: 8
A31: Game 30 | B31: SF | C31: =E28 -> 0 | D31: =E29 -> 0 | G31: 8
A32: Game 31 | B32: Final | C32: =E30 -> 0 | D32: =E31 -> 0 | G32: 16
