Workbook

Sheet Bracket
A1: 2026 FIFA World Cup Pick'em Bracket
A2: Fill yellow pick cells from left to right. Organizer updates team names on Setup after group play.
A3: Name | B3: Jake Lish | E3: Score | F3: =SUM(B4:F4) -> 3.8
A4: Points | B4: =IF(B5=SUM(Results!F2:F17),1,1-ABS((B5-SUM(Results!F2:F17))*0.1))+IF(Bracket!C9=Results!E2,Results!G2,0)+IF(Bracket!C11=Results!E3,Results!G3,0)+IF(Bracket!C13=Results!E4,Results!G4,0)+IF(Bracket!C15=Results!E5,Results!G5,0)+IF(Bracket!C17=Results!E6,Results!G6,0)+IF(Bracket!C19=Results!E7,Results!G7,0)+IF(Bracket!C21=Results!E8,Results!G8,0)+IF(Bracket!C23=Results!E9,Results!G9,0)+IF(Bracket!C25=Results!E10,Results!G10,0)+IF(Bracket!C27=Results!E11,Results!G11,0)+IF(Bracket!C29=Results!E12,Results!G12,0)+IF(Bracket!C31=Results!E13,Results!G13,0)+IF(Bracket!C33=Results!E14,Results!G14,0)+IF(Bracket!C35=Results!E15,Results!G15,0)+IF(Bracket!C37=Results!E16,Results!G16,0)+IF(Bracket!C39=Results!E17,Results!G17,0) -> 1 | C4: =IF(C5=SUM(Results!F18:F25),1,1-ABS((C5-SUM(Results!F18:F25))*0.1))+IF(Bracket!D10=Results!E18,Results!G18,0)+IF(Bracket!D14=Results!E19,Results!G19,0)+IF(Bracket!D18=Results!E20,Results!G20,0)+IF(Bracket!D22=Results!E21,Results!G21,0)+IF(Bracket!D26=Results!E22,Results!G22,0)+IF(Bracket!D30=Results!E23,Results!G23,0)+IF(Bracket!D34=Results!E24,Results!G24,0)+IF(Bracket!D38=Results!E25,Results!G25,0) -> 0.6 | D4: =IF(D5=SUM(Results!F26:F29),1,1-ABS((D5-SUM(Results!F26:F29))*0.1))+IF(E11=Results!E26,Results!G26,0)+IF(Bracket!E19=Results!E27,Results!G27,0)+IF(Bracket!E27=Results!E28,Results!G28,0)+IF(Bracket!E35=Results!E29,Results!G29,0) -> 0.6 | E4: =IF(E5=SUM(Results!F30:F31),1,1-ABS((E5-SUM(Results!F30:F31))*0.1))+IF(Bracket!F14=Results!E30,Results!G30,0)+IF(Bracket!F30=Results!E31,Results!G31,0) -> 0.6 | F4: =IF(F5=SUM(Results!F32),1,1-ABS((F5-SUM(Results!F32))*0.1))+IF(G19=Results!E32,Results!G32,0) -> 1
A5: Total Goals Scored | B5: 96 | C5: 44 | D5: 20 | E5: 8 | F5: 6
A8: Round of 32 | C8: Round of 16 | D8: Quarter Finals | E8: Semi Finals | F8: Final | G8: World Cup Winner
A9: Game 1 | B9: Germany | C9: Germany
B10: Japan | D10: France
A11: Game 2 | B11: France | C11: France | E11: France
B12: Paraguay
A13: Game 3 | B13: South Africa | C13: Canada
B14: Canada | D14: Netherlands | F14: France
A15: Game 4 | B15: =Results!C5 -> Netherlands | C15: Netherlands
B16: Morocco
A17: Game 5 | B17: Uzbekistan | C17: Ghana
B18: Ghana | D18: Uruguay
A19: Game 6 | B19: Uruguay | C19: Uruguay | E19: United States | G19: France
B20: Algeria
A21: Game 7 | B21: United States | C21: United States
B22: =Results!D8 -> Bosnia and Herzegovina | D22: United States
A23: Game 8 | B23: Iran | C23: Iran
B24: Czechia
A25: Game 9 | B25: Brazil | C25: Brazil
B26: =Results!D10 -> Japan | D26: Brazil
A27: Game 10 | B27: Ivory Coast | C27: Senegal | E27: England
B28: Senegal
A29: Game 11 | B29: Mexico | C29: Mexico
B30: Saudi Arabia | D30: England | F30: Argentina
A31: Game 12 | B31: England | C31: England
B32: Portugal
A33: Game 13 | B33: Argentina | C33: Argentina
B34: Cape Verde | D34: Argentina
A35: Game 14 | B35: =Results!C15 -> Australia | C35: Australia | E35: Argentina
B36: Egypt
A37: Game 15 | B37: Switzerland | C37: Switzerland
B38: Ecuador | D38: Norway
A39: Game 16 | B39: DR Congo | C39: Norway
B40: Norway

Sheet Results
A1: Game | B1: Round | C1: Team A | D1: Team B | E1: Actual Winner | F1: Actual Goals | G1: Points
A2: Game 1 | B2: R32 | C2: =IF(#REF!="","",#REF!) -> #REF! | D2: 3rd A/B/C/D/F | E2: Germany | F2: 6 | G2: =IFERROR(INDEX(#REF!,MATCH(B2,#REF!,0)),0) -> 0
A3: Game 2 | B3: R32 | C3: =IF(#REF!="","",#REF!) -> #REF! | D3: =IF(#REF!="","",#REF!) -> #REF! | E3: France | F3: 6 | G3: =IFERROR(INDEX(#REF!,MATCH(B3,#REF!,0)),0) -> 0
A4: Game 3 | B4: R32 | C4: =IF(#REF!="","",#REF!) -> #REF! | D4: =IF(#REF!="","",#REF!) -> #REF! | E4: South Africa | F4: 6 | G4: =IFERROR(INDEX(#REF!,MATCH(B4,#REF!,0)),0) -> 0
A5: Game 4 | B5: R32 | C5: Netherlands | D5: =IF(#REF!="","",#REF!) -> #REF! | E5: Morocco | F5: 6 | G5: =IFERROR(INDEX(#REF!,MATCH(B5,#REF!,0)),0) -> 0
A6: Game 5 | B6: R32 | C6: Portugal | D6: =IF(#REF!="","",#REF!) -> #REF! | E6: Ghana | F6: 6 | G6: =IFERROR(INDEX(#REF!,MATCH(B6,#REF!,0)),0) -> 0
A7: Game 6 | B7: R32 | C7: =IF(#REF!="","",#REF!) -> #REF! | D7: =IF(#REF!="","",#REF!) -> #REF! | E7: Uruguay | F7: 6 | G7: =IFERROR(INDEX(#REF!,MATCH(B7,#REF!,0)),0) -> 0
A8: Game 7 | B8: R32 | C8: =IF(#REF!="","",#REF!) -> #REF! | D8: Bosnia and Herzegovina | E8: United States | F8: 6 | G8: =IFERROR(INDEX(#REF!,MATCH(B8,#REF!,0)),0) -> 0
A9: Game 8 | B9: R32 | C9: =IF(#REF!="","",#REF!) -> #REF! | D9: =IF(#REF!="","",#REF!) -> #REF! | E9: Czechia | F9: 6 | G9: =IFERROR(INDEX(#REF!,MATCH(B9,#REF!,0)),0) -> 0
A10: Game 9 | B10: R32 | C10: =IF(#REF!="","",#REF!) -> #REF! | D10: Japan | E10: Brazil | F10: 6 | G10: =IFERROR(INDEX(#REF!,MATCH(B10,#REF!,0)),0) -> 0
A11: Game 10 | B11: R32 | C11: =IF(#REF!="","",#REF!) -> #REF! | D11: =IF(#REF!="","",#REF!) -> #REF! | E11: Senegal | F11: 6 | G11: =IFERROR(INDEX(#REF!,MATCH(B11,#REF!,0)),0) -> 0
A12: Game 11 | B12: R32 | C12: =IF(#REF!="","",#REF!) -> #REF! | D12: =IF(#REF!="","",#REF!) -> #REF! | E12: Mexico | F12: 6 | G12: =IFERROR(INDEX(#REF!,MATCH(B12,#REF!,0)),0) -> 0
A13: Game 12 | B13: R32 | C13: =IF(#REF!="","",#REF!) -> #REF! | D13: DR Congo | E13: Croatia | F13: 6 | G13: =IFERROR(INDEX(#REF!,MATCH(B13,#REF!,0)),0) -> 0
A14: Game 13 | B14: R32 | C14: =IF(#REF!="","",#REF!) -> #REF! | D14: =IF(#REF!="","",#REF!) -> #REF! | E14: Cape Verde | F14: 6 | G14: =IFERROR(INDEX(#REF!,MATCH(B14,#REF!,0)),0) -> 0
A15: Game 14 | B15: R32 | C15: Australia | D15: =IF(#REF!="","",#REF!) -> #REF! | E15: Australia | F15: 6 | G15: =IFERROR(INDEX(#REF!,MATCH(B15,#REF!,0)),0) -> 0
A16: Game 15 | B16: R32 | C16: =IF(#REF!="","",#REF!) -> #REF! | D16: =IF(#REF!="","",#REF!) -> #REF! | E16: Switzerland | F16: 6 | G16: =IFERROR(INDEX(#REF!,MATCH(B16,#REF!,0)),0) -> 0
A17: Game 16 | B17: R32 | C17: Columbia | D17: 3rd D/E/I/J/L | E17: Columbia | F17: 6 | G17: =IFERROR(INDEX(#REF!,MATCH(B17,#REF!,0)),0) -> 0
A18: Game 17 | B18: R16 | C18: =E2 -> Germany | D18: =E3 -> France | E18: Germany | F18: 6 | G18: =IFERROR(INDEX(#REF!,MATCH(B18,#REF!,0)),0) -> 0
A19: Game 18 | B19: R16 | C19: =E4 -> South Africa | D19: =E5 -> Morocco | E19: South Africa | F19: 6 | G19: =IFERROR(INDEX(#REF!,MATCH(B19,#REF!,0)),0) -> 0
A20: Game 19 | B20: R16 | C20: =E6 -> Ghana | D20: =E7 -> Uruguay | E20: Ghana | F20: 6 | G20: =IFERROR(INDEX(#REF!,MATCH(B20,#REF!,0)),0) -> 0
A21: Game 20 | B21: R16 | C21: =E8 -> United States | D21: =E9 -> Czechia | E21: United States | F21: 6 | G21: =IFERROR(INDEX(#REF!,MATCH(B21,#REF!,0)),0) -> 0
A22: Game 21 | B22: R16 | C22: =E10 -> Brazil | D22: =E11 -> Senegal | E22: Brazil | F22: 6 | G22: =IFERROR(INDEX(#REF!,MATCH(B22,#REF!,0)),0) -> 0
A23: Game 22 | B23: R16 | C23: =E12 -> Mexico | D23: =E13 -> Croatia | E23: Mexico | F23: 6 | G23: =IFERROR(INDEX(#REF!,MATCH(B23,#REF!,0)),0) -> 0
A24: Game 23 | B24: R16 | C24: =E14 -> Cape Verde | D24: =E15 -> Australia | E24: Cape Verde | F24: 6 | G24: =IFERROR(INDEX(#REF!,MATCH(B24,#REF!,0)),0) -> 0
A25: Game 24 | B25: R16 | C25: =E16 -> Switzerland | D25: =E17 -> Columbia | E25: Switzerland | F25: 6 | G25: =IFERROR(INDEX(#REF!,MATCH(B25,#REF!,0)),0) -> 0
A26: Game 25 | B26: QF | C26: =E18 -> Germany | D26: =E19 -> South Africa | E26: Germany | F26: 6 | G26: =IFERROR(INDEX(#REF!,MATCH(B26,#REF!,0)),0) -> 0
A27: Game 26 | B27: QF | C27: =E20 -> Ghana | D27: =E21 -> United States | E27: Ghana | F27: 6 | G27: =IFERROR(INDEX(#REF!,MATCH(B27,#REF!,0)),0) -> 0
A28: Game 27 | B28: QF | C28: =E22 -> Brazil | D28: =E23 -> Mexico | E28: Brazil | F28: 6 | G28: =IFERROR(INDEX(#REF!,MATCH(B28,#REF!,0)),0) -> 0
A29: Game 28 | B29: QF | C29: =E24 -> Cape Verde | D29: =E25 -> Switzerland | E29: Cape Verde | F29: 6 | G29: =IFERROR(INDEX(#REF!,MATCH(B29,#REF!,0)),0) -> 0
A30: Game 29 | B30: SF | C30: =E26 -> Germany | D30: =E27 -> Ghana | E30: Germany | F30: 6 | G30: =IFERROR(INDEX(#REF!,MATCH(B30,#REF!,0)),0) -> 0
A31: Game 30 | B31: SF | C31: =E28 -> Brazil | D31: =E29 -> Cape Verde | E31: Brazil | F31: 6 | G31: =IFERROR(INDEX(#REF!,MATCH(B31,#REF!,0)),0) -> 0
A32: Game 31 | B32: Final | C32: =E30 -> Germany | D32: =E31 -> Brazil | E32: Germany | F32: 6 | G32: =IFERROR(INDEX(#REF!,MATCH(B32,#REF!,0)),0) -> 0

Sheet Teams
A1: Workbook Checks | K1: Summary | N1: Opening Team Checks | AA1: Game 1 Team B | AB1: Game 4 Team A | AC1: Game 9 Team B | AD1: Game 2 Team A | AE1: Game 2 Team B | AF1: Game 10 Team A | AG1: Game 10 Team B | AH1: Game 11 Team B | AI1: Game 12 Team A | AJ1: Game 12 Team B | AK1: Game 7 Team B | AL1: Game 8 Team A | AM1: Game 8 Team B | AN1: Game 5 Team A | AO1: Game 5 Team B | AP1: Game 6 Team A | AQ1: Game 6 Team B | AR1: Game 15 Team B | AS1: Game 13 Team A | AT1: Game 13 Team B | AU1: Game 16 Team A | AV1: Game 16 Team B | AW1: Game 14 Team A | AX1: Game 14 Team B
K2: Game Picks Left | L2: =SUM(F4:F34) -> #REF! | AA2: South Korea | AB2: Netherlands | AC2: Netherlands | AD2: France | AE2: Scotland | AF2: Ivory Coast | AG2: France | AH2: Scotland | AI2: England | AJ2: Ivory Coast | AK2: Bosnia and Herzegovina | AL2: Belgium | AM2: South Korea | AN2: Portugal | AO2: England | AP2: Spain | AQ2: Argentina | AR2: Ivory Coast | AS2: Argentina | AT2: Spain | AU2: Portugal | AV2: Paraguay | AW2: Paraguay | AX2: Belgium
A3: Game | B3: Round | C3: Team A | D3: Team B | E3: Pick | F3: Blank Flag | G3: Invalid Flag | H3: Pick Cell | I3: Candidate Range | K3: Invalid Picks | L3: =SUM(G4:G34) -> #REF! | N3: Game | O3: Side | P3: Cell | Q3: Selection | R3: Missing Flag | AA3: Czechia | AB3: Japan | AC3: Japan | AD3: Senegal | AE3: Haiti | AF3: Ecuador | AG3: Senegal | AH3: Haiti | AI3: Croatia | AJ3: Ecuador | AK3: Ivory Coast | AL3: Egypt | AM3: Czechia | AN3: DR Congo | AO3: Croatia | AP3: Cape Verde | AQ3: Algeria | AR3: Ecuador | AS3: Algeria | AT3: Cape Verde | AU3: DR Congo | AV3: Australia | AW3: Australia | AX3: Egypt
A4: Game 1 | B4: R32 | C4: =IF(#REF!="","",#REF!) -> #REF! | D4: =IF(#REF!="","",#REF!) -> #REF! | E4: =IF(#REF!="","",IF(OR(#REF!="Team A",#REF!=#REF!),#REF!,IF(OR(#REF!="Team B",#REF!=#REF!),#REF!,#REF!))) -> #REF! | F4: =IF(E4="",1,0) -> #REF! | G4: =IF(E4="",0,IF(OR(E4="Team A",E4="Team B",E4=C4,E4=D4),0,1)) -> #REF! | H4: D7 | I4: B7:C7 | K4: Team Picks Left | L4: =SUM(R4:R27) -> #REF! | N4: Game 1 | O4: Team B | P4: C7 | Q4: =IF(#REF!="","",#REF!) -> #REF! | R4: =IF(OR(Q4="",Q4="Team A",Q4="Team B"),1,0) -> #REF! | AA4: Bosnia and Herzegovina | AB4: Sweden | AC4: Sweden | AD4: Iraq | AE4: Paraguay | AF4: Curacao | AG4: Iraq | AH4: Ivory Coast | AI4: Ghana | AJ4: Curacao | AK4: Ecuador | AL4: Iran | AM4: Ivory Coast | AN4: Uzbekistan | AO4: Ghana | AP4: Saudi Arabia | AQ4: Austria | AR4: Curacao | AS4: Austria | AT4: Saudi Arabia | AU4: Uzbekistan | AV4: Turkey | AW4: Turkey | AX4: Iran
A5: Game 2 | B5: R32 | C5: =IF(#REF!="","",#REF!) -> #REF! | D5: =IF(#REF!="","",#REF!) -> #REF! | E5: =IF(#REF!="","",IF(OR(#REF!="Team A",#REF!=#REF!),#REF!,IF(OR(#REF!="Team B",#REF!=#REF!),#REF!,#REF!))) -> #REF! | F5: =IF(E5="",1,0) -> #REF! | G5: =IF(E5="",0,IF(OR(E5="Team A",E5="Team B",E5=C5,E5=D5),0,1)) -> #REF! | H5: D9 | I5: B9:C9 | N5: Game 4 | O5: Team A | P5: B13 | Q5: =IF(#REF!="","",#REF!) -> #REF! | R5: =IF(OR(Q5="",Q5="Team A",Q5="Team B"),1,0) -> #REF! | AA5: Scotland | AB5: Tunisia | AC5: Tunisia | AD5: Norway | AE5: Australia | AG5: Norway | AH5: Ecuador | AI5: Panama | AJ5: Spain | AK5: Curacao | AL5: New Zealand | AM5: Ecuador | AN5: Colombia | AO5: Panama | AP5: Uruguay | AQ5: Jordan | AR5: Netherlands | AS5: Jordan | AT5: Uruguay | AU5: Colombia | AV5: Ivory Coast | AX5: New Zealand
A6: Game 3 | B6: R32 | C6: =IF(#REF!="","",#REF!) -> #REF! | D6: =IF(#REF!="","",#REF!) -> #REF! | E6: =IF(#REF!="","",IF(OR(#REF!="Team A",#REF!=#REF!),#REF!,IF(OR(#REF!="Team B",#REF!=#REF!),#REF!,#REF!))) -> #REF! | F6: =IF(E6="",1,0) -> #REF! | G6: =IF(E6="",0,IF(OR(E6="Team A",E6="Team B",E6=C6,E6=D6),0,1)) -> #REF! | H6: D11 | I6: B11:C11 | N6: Game 9 | O6: Team B | P6: C23 | Q6: =IF(#REF!="","",#REF!) -> #REF! | R6: =IF(OR(Q6="",Q6="Team A",Q6="Team B"),1,0) -> #REF! | AA6: Haiti | AE6: Turkey | AH6: Curacao | AJ6: Cape Verde | AK6: Netherlands | AM6: Curacao | AR6: Japan | AV6: Ecuador
A7: Game 4 | B7: R32 | C7: =IF(#REF!="","",#REF!) -> #REF! | D7: =IF(#REF!="","",#REF!) -> #REF! | E7: =IF(#REF!="","",IF(OR(#REF!="Team A",#REF!=#REF!),#REF!,IF(OR(#REF!="Team B",#REF!=#REF!),#REF!,#REF!))) -> #REF! | F7: =IF(E7="",1,0) -> #REF! | G7: =IF(E7="",0,IF(OR(E7="Team A",E7="Team B",E7=C7,E7=D7),0,1)) -> #REF! | H7: D13 | I7: B13:C13 | N7: Game 2 | O7: Team A | P7: B9 | Q7: =IF(#REF!="","",#REF!) -> #REF! | R7: =IF(OR(Q7="",Q7="Team A",Q7="Team B"),1,0) -> #REF! | AA7: Paraguay | AE7: Netherlands | AH7: Netherlands | AJ7: Saudi Arabia | AK7: Japan | AM7: Spain | AR7: Sweden | AV7: Curacao
A8: Game 5 | B8: R32 | C8: =IF(#REF!="","",#REF!) -> #REF! | D8: =IF(#REF!="","",#REF!) -> #REF! | E8: =IF(#REF!="","",IF(OR(#REF!="Team A",#REF!=#REF!),#REF!,IF(OR(#REF!="Team B",#REF!=#REF!),#REF!,#REF!))) -> #REF! | F8: =IF(E8="",1,0) -> #REF! | G8: =IF(E8="",0,IF(OR(E8="Team A",E8="Team B",E8=C8,E8=D8),0,1)) -> #REF! | H8: D15 | I8: B15:C15 | N8: Game 2 | O8: Team B | P8: C9 | Q8: =IF(#REF!="","",#REF!) -> #REF! | R8: =IF(OR(Q8="",Q8="Team A",Q8="Team B"),1,0) -> #REF! | AA8: Australia | AE8: Japan | AH8: Japan | AJ8: Uruguay | AK8: Sweden | AM8: Cape Verde | AR8: Tunisia | AV8: France
A9: Game 6 | B9: R32 | C9: =IF(#REF!="","",#REF!) -> #REF! | D9: =IF(#REF!="","",#REF!) -> #REF! | E9: =IF(#REF!="","",IF(OR(#REF!="Team A",#REF!=#REF!),#REF!,IF(OR(#REF!="Team B",#REF!=#REF!),#REF!,#REF!))) -> #REF! | F9: =IF(E9="",1,0) -> #REF! | G9: =IF(E9="",0,IF(OR(E9="Team A",E9="Team B",E9=C9,E9=D9),0,1)) -> #REF! | H9: D17 | I9: B17:C17 | N9: Game 10 | O9: Team A | P9: B25 | Q9: =IF(#REF!="","",#REF!) -> #REF! | R9: =IF(OR(Q9="",Q9="Team A",Q9="Team B"),1,0) -> #REF! | AA9: Turkey | AE9: Sweden | AH9: Sweden | AJ9: France | AK9: Tunisia | AM9: Saudi Arabia | AR9: Belgium | AV9: Senegal
A10: Game 7 | B10: R32 | C10: =IF(#REF!="","",#REF!) -> #REF! | D10: =IF(#REF!="","",#REF!) -> #REF! | E10: =IF(#REF!="","",IF(OR(#REF!="Team A",#REF!=#REF!),#REF!,IF(OR(#REF!="Team B",#REF!=#REF!),#REF!,#REF!))) -> #REF! | F10: =IF(E10="",1,0) -> #REF! | G10: =IF(E10="",0,IF(OR(E10="Team A",E10="Team B",E10=C10,E10=D10),0,1)) -> #REF! | H10: D19 | I10: B19:C19 | N10: Game 10 | O10: Team B | P10: C25 | Q10: =IF(#REF!="","",#REF!) -> #REF! | R10: =IF(OR(Q10="",Q10="Team A",Q10="Team B"),1,0) -> #REF! | AA10: Netherlands | AE10: Tunisia | AH10: Tunisia | AJ10: Senegal | AK10: France | AM10: Uruguay | AR10: Egypt | AV10: Iraq
A11: Game 8 | B11: R32 | C11: =IF(#REF!="","",#REF!) -> #REF! | D11: =IF(#REF!="","",#REF!) -> #REF! | E11: =IF(#REF!="","",IF(OR(#REF!="Team A",#REF!=#REF!),#REF!,IF(OR(#REF!="Team B",#REF!=#REF!),#REF!,#REF!))) -> #REF! | F11: =IF(E11="",1,0) -> #REF! | G11: =IF(E11="",0,IF(OR(E11="Team A",E11="Team B",E11=C11,E11=D11),0,1)) -> #REF! | H11: D21 | I11: B21:C21 | N11: Game 11 | O11: Team B | P11: C27 | Q11: =IF(#REF!="","",#REF!) -> #REF! | R11: =IF(OR(Q11="",Q11="Team A",Q11="Team B"),1,0) -> #REF! | AA11: Japan | AE11: Belgium | AH11: Spain | AJ11: Iraq | AK11: Senegal | AM11: France | AR11: Iran | AV11: Norway
A12: Game 9 | B12: R32 | C12: =IF(#REF!="","",#REF!) -> #REF! | D12: =IF(#REF!="","",#REF!) -> #REF! | E12: =IF(#REF!="","",IF(OR(#REF!="Team A",#REF!=#REF!),#REF!,IF(OR(#REF!="Team B",#REF!=#REF!),#REF!,#REF!))) -> #REF! | F12: =IF(E12="",1,0) -> #REF! | G12: =IF(E12="",0,IF(OR(E12="Team A",E12="Team B",E12=C12,E12=D12),0,1)) -> #REF! | H12: D23 | I12: B23:C23 | N12: Game 12 | O12: Team A | P12: B29 | Q12: =IF(#REF!="","",#REF!) -> #REF! | R12: =IF(OR(Q12="",Q12="Team A",Q12="Team B"),1,0) -> #REF! | AA12: Sweden | AE12: Egypt | AH12: Cape Verde | AJ12: Norway | AK12: Iraq | AM12: Senegal | AR12: New Zealand | AV12: Argentina
A13: Game 10 | B13: R32 | C13: =IF(#REF!="","",#REF!) -> #REF! | D13: =IF(#REF!="","",#REF!) -> #REF! | E13: =IF(#REF!="","",IF(OR(#REF!="Team A",#REF!=#REF!),#REF!,IF(OR(#REF!="Team B",#REF!=#REF!),#REF!,#REF!))) -> #REF! | F13: =IF(E13="",1,0) -> #REF! | G13: =IF(E13="",0,IF(OR(E13="Team A",E13="Team B",E13=C13,E13=D13),0,1)) -> #REF! | H13: D25 | I13: B25:C25 | N13: Game 12 | O13: Team B | P13: C29 | Q13: =IF(#REF!="","",#REF!) -> #REF! | R13: =IF(OR(Q13="",Q13="Team A",Q13="Team B"),1,0) -> #REF! | AA13: Tunisia | AE13: Iran | AH13: Saudi Arabia | AJ13: Argentina | AK13: Norway | AM13: Iraq | AR13: France | AV13: Algeria
A14: Game 11 | B14: R32 | C14: =IF(#REF!="","",#REF!) -> #REF! | D14: =IF(#REF!="","",#REF!) -> #REF! | E14: =IF(#REF!="","",IF(OR(#REF!="Team A",#REF!=#REF!),#REF!,IF(OR(#REF!="Team B",#REF!=#REF!),#REF!,#REF!))) -> #REF! | F14: =IF(E14="",1,0) -> #REF! | G14: =IF(E14="",0,IF(OR(E14="Team A",E14="Team B",E14=C14,E14=D14),0,1)) -> #REF! | H14: D27 | I14: B27:C27 | N14: Game 7 | O14: Team B | P14: C19 | Q14: =IF(#REF!="","",#REF!) -> #REF! | R14: =IF(OR(Q14="",Q14="Team A",Q14="Team B"),1,0) -> #REF! | AE14: New Zealand | AH14: Uruguay | AJ14: Algeria | AK14: Argentina | AM14: Norway | AR14: Senegal | AV14: Austria
A15: Game 12 | B15: R32 | C15: =IF(#REF!="","",#REF!) -> #REF! | D15: =IF(#REF!="","",#REF!) -> #REF! | E15: =IF(#REF!="","",IF(OR(#REF!="Team A",#REF!=#REF!),#REF!,IF(OR(#REF!="Team B",#REF!=#REF!),#REF!,#REF!))) -> #REF! | F15: =IF(E15="",1,0) -> #REF! | G15: =IF(E15="",0,IF(OR(E15="Team A",E15="Team B",E15=C15,E15=D15),0,1)) -> #REF! | H15: D29 | I15: B29:C29 | N15: Game 8 | O15: Team A | P15: B21 | Q15: =IF(#REF!="","",#REF!) -> #REF! | R15: =IF(OR(Q15="",Q15="Team A",Q15="Team B"),1,0) -> #REF! | AE15: Spain | AH15: France | AJ15: Austria | AK15: Algeria | AM15: Argentina | AR15: Iraq | AV15: Jordan
A16: Game 13 | B16: R32 | C16: =IF(#REF!="","",#REF!) -> #REF! | D16: =IF(#REF!="","",#REF!) -> #REF! | E16: =IF(#REF!="","",IF(OR(#REF!="Team A",#REF!=#REF!),#REF!,IF(OR(#REF!="Team B",#REF!=#REF!),#REF!,#REF!))) -> #REF! | F16: =IF(E16="",1,0) -> #REF! | G16: =IF(E16="",0,IF(OR(E16="Team A",E16="Team B",E16=C16,E16=D16),0,1)) -> #REF! | H16: D31 | I16: B31:C31 | N16: Game 8 | O16: Team B | P16: C21 | Q16: =IF(#REF!="","",#REF!) -> #REF! | R16: =IF(OR(Q16="",Q16="Team A",Q16="Team B"),1,0) -> #REF! | AE16: Cape Verde | AH16: Senegal | AJ16: Jordan | AK16: Austria | AM16: Algeria | AR16: Norway | AV16: England
A17: Game 14 | B17: R32 | C17: =IF(#REF!="","",#REF!) -> #REF! | D17: =IF(#REF!="","",#REF!) -> #REF! | E17: =IF(#REF!="","",IF(OR(#REF!="Team A",#REF!=#REF!),#REF!,IF(OR(#REF!="Team B",#REF!=#REF!),#REF!,#REF!))) -> #REF! | F17: =IF(E17="",1,0) -> #REF! | G17: =IF(E17="",0,IF(OR(E17="Team A",E17="Team B",E17=C17,E17=D17),0,1)) -> #REF! | H17: D33 | I17: B33:C33 | N17: Game 5 | O17: Team A | P17: B15 | Q17: =IF(#REF!="","",#REF!) -> #REF! | R17: =IF(OR(Q17="",Q17="Team A",Q17="Team B"),1,0) -> #REF! | AE17: Saudi Arabia | AH17: Iraq | AJ17: Portugal | AK17: Jordan | AM17: Austria | AR17: Argentina | AV17: Croatia
A18: Game 15 | B18: R32 | C18: =IF(#REF!="","",#REF!) -> #REF! | D18: =IF(#REF!="","",#REF!) -> #REF! | E18: =IF(#REF!="","",IF(OR(#REF!="Team A",#REF!=#REF!),#REF!,IF(OR(#REF!="Team B",#REF!=#REF!),#REF!,#REF!))) -> #REF! | F18: =IF(E18="",1,0) -> #REF! | G18: =IF(E18="",0,IF(OR(E18="Team A",E18="Team B",E18=C18,E18=D18),0,1)) -> #REF! | H18: D35 | I18: B35:C35 | N18: Game 5 | O18: Team B | P18: C15 | Q18: =IF(#REF!="","",#REF!) -> #REF! | R18: =IF(OR(Q18="",Q18="Team A",Q18="Team B"),1,0) -> #REF! | AE18: Uruguay | AH18: Norway | AJ18: DR Congo | AM18: Jordan | AR18: Algeria | AV18: Ghana
A19: Game 16 | B19: R32 | C19: =IF(#REF!="","",#REF!) -> #REF! | D19: =IF(#REF!="","",#REF!) -> #REF! | E19: =IF(#REF!="","",IF(OR(#REF!="Team A",#REF!=#REF!),#REF!,IF(OR(#REF!="Team B",#REF!=#REF!),#REF!,#REF!))) -> #REF! | F19: =IF(E19="",1,0) -> #REF! | G19: =IF(E19="",0,IF(OR(E19="Team A",E19="Team B",E19=C19,E19=D19),0,1)) -> #REF! | H19: D37 | I19: B37:C37 | N19: Game 6 | O19: Team A | P19: B17 | Q19: =IF(#REF!="","",#REF!) -> #REF! | R19: =IF(OR(Q19="",Q19="Team A",Q19="Team B"),1,0) -> #REF! | AJ19: Uzbekistan | AR19: Austria | AV19: Panama
A20: Game 17 | B20: R16 | C20: =IF(#REF!="","",#REF!) -> #REF! | D20: =IF(#REF!="","",#REF!) -> #REF! | E20: =IF(#REF!="","",IF(OR(#REF!="Team A",#REF!=#REF!),#REF!,IF(OR(#REF!="Team B",#REF!=#REF!),#REF!,#REF!))) -> #REF! | F20: =IF(E20="",1,0) -> #REF! | G20: =IF(E20="",0,IF(OR(E20="Team A",E20="Team B",E20=C20,E20=D20),0,1)) -> #REF! | H20: I8 | I20: G8:H8 | N20: Game 6 | O20: Team B | P20: C17 | Q20: =IF(#REF!="","",#REF!) -> #REF! | R20: =IF(OR(Q20="",Q20="Team A",Q20="Team B"),1,0) -> #REF! | AJ20: Colombia | AR20: Jordan
A21: Game 18 | B21: R16 | C21: =IF(#REF!="","",#REF!) -> #REF! | D21: =IF(#REF!="","",#REF!) -> #REF! | E21: =IF(#REF!="","",IF(OR(#REF!="Team A",#REF!=#REF!),#REF!,IF(OR(#REF!="Team B",#REF!=#REF!),#REF!,#REF!))) -> #REF! | F21: =IF(E21="",1,0) -> #REF! | G21: =IF(E21="",0,IF(OR(E21="Team A",E21="Team B",E21=C21,E21=D21),0,1)) -> #REF! | H21: I12 | I21: G12:H12 | N21: Game 15 | O21: Team B | P21: C35 | Q21: =IF(#REF!="","",#REF!) -> #REF! | R21: =IF(OR(Q21="",Q21="Team A",Q21="Team B"),1,0) -> #REF!
A22: Game 19 | B22: R16 | C22: =IF(#REF!="","",#REF!) -> #REF! | D22: =IF(#REF!="","",#REF!) -> #REF! | E22: =IF(#REF!="","",IF(OR(#REF!="Team A",#REF!=#REF!),#REF!,IF(OR(#REF!="Team B",#REF!=#REF!),#REF!,#REF!))) -> #REF! | F22: =IF(E22="",1,0) -> #REF! | G22: =IF(E22="",0,IF(OR(E22="Team A",E22="Team B",E22=C22,E22=D22),0,1)) -> #REF! | H22: I16 | I22: G16:H16 | N22: Game 13 | O22: Team A | P22: B31 | Q22: =IF(#REF!="","",#REF!) -> #REF! | R22: =IF(OR(Q22="",Q22="Team A",Q22="Team B"),1,0) -> #REF!
A23: Game 20 | B23: R16 | C23: =IF(#REF!="","",#REF!) -> #REF! | D23: =IF(#REF!="","",#REF!) -> #REF! | E23: =IF(#REF!="","",IF(OR(#REF!="Team A",#REF!=#REF!),#REF!,IF(OR(#REF!="Team B",#REF!=#REF!),#REF!,#REF!))) -> #REF! | F23: =IF(E23="",1,0) -> #REF! | G23: =IF(E23="",0,IF(OR(E23="Team A",E23="Team B",E23=C23,E23=D23),0,1)) -> #REF! | H23: I20 | I23: G20:H20 | N23: Game 13 | O23: Team B | P23: C31 | Q23: =IF(#REF!="","",#REF!) -> #REF! | R23: =IF(OR(Q23="",Q23="Team A",Q23="Team B"),1,0) -> #REF!
A24: Game 21 | B24: R16 | C24: =IF(#REF!="","",#REF!) -> #REF! | D24: =IF(#REF!="","",#REF!) -> #REF! | E24: =IF(#REF!="","",IF(OR(#REF!="Team A",#REF!=#REF!),#REF!,IF(OR(#REF!="Team B",#REF!=#REF!),#REF!,#REF!))) -> #REF! | F24: =IF(E24="",1,0) -> #REF! | G24: =IF(E24="",0,IF(OR(E24="Team A",E24="Team B",E24=C24,E24=D24),0,1)) -> #REF! | H24: I24 | I24: G24:H24 | N24: Game 16 | O24: Team A | P24: B37 | Q24: =IF(#REF!="","",#REF!) -> #REF! | R24: =IF(OR(Q24="",Q24="Team A",Q24="Team B"),1,0) -> #REF!
A25: Game 22 | B25: R16 | C25: =IF(#REF!="","",#REF!) -> #REF! | D25: =IF(#REF!="","",#REF!) -> #REF! | E25: =IF(#REF!="","",IF(OR(#REF!="Team A",#REF!=#REF!),#REF!,IF(OR(#REF!="Team B",#REF!=#REF!),#REF!,#REF!))) -> #REF! | F25: =IF(E25="",1,0) -> #REF! | G25: =IF(E25="",0,IF(OR(E25="Team A",E25="Team B",E25=C25,E25=D25),0,1)) -> #REF! | H25: I28 | I25: G28:H28 | N25: Game 16 | O25: Team B | P25: C37 | Q25: =IF(#REF!="","",#REF!) -> #REF! | R25: =IF(OR(Q25="",Q25="Team A",Q25="Team B"),1,0) -> #REF!
A26: Game 23 | B26: R16 | C26: =IF(#REF!="","",#REF!) -> #REF! | D26: =IF(#REF!="","",#REF!) -> #REF! | E26: =IF(#REF!="","",IF(OR(#REF!="Team A",#REF!=#REF!),#REF!,IF(OR(#REF!="Team B",#REF!=#REF!),#REF!,#REF!))) -> #REF! | F26: =IF(E26="",1,0) -> #REF! | G26: =IF(E26="",0,IF(OR(E26="Team A",E26="Team B",E26=C26,E26=D26),0,1)) -> #REF! | H26: I32 | I26: G32:H32 | N26: Game 14 | O26: Team A | P26: B33 | Q26: =IF(#REF!="","",#REF!) -> #REF! | R26: =IF(OR(Q26="",Q26="Team A",Q26="Team B"),1,0) -> #REF!
A27: Game 24 | B27: R16 | C27: =IF(#REF!="","",#REF!) -> #REF! | D27: =IF(#REF!="","",#REF!) -> #REF! | E27: =IF(#REF!="","",IF(OR(#REF!="Team A",#REF!=#REF!),#REF!,IF(OR(#REF!="Team B",#REF!=#REF!),#REF!,#REF!))) -> #REF! | F27: =IF(E27="",1,0) -> #REF! | G27: =IF(E27="",0,IF(OR(E27="Team A",E27="Team B",E27=C27,E27=D27),0,1)) -> #REF! | H27: I36 | I27: G36:H36 | N27: Game 14 | O27: Team B | P27: C33 | Q27: =IF(#REF!="","",#REF!) -> #REF! | R27: =IF(OR(Q27="",Q27="Team A",Q27="Team B"),1,0) -> #REF!
A28: Game 25 | B28: QF | C28: =IF(#REF!="","",#REF!) -> #REF! | D28: =IF(#REF!="","",#REF!) -> #REF! | E28: =IF(#REF!="","",IF(OR(#REF!="Team A",#REF!=#REF!),#REF!,IF(OR(#REF!="Team B",#REF!=#REF!),#REF!,#REF!))) -> #REF! | F28: =IF(E28="",1,0) -> #REF! | G28: =IF(E28="",0,IF(OR(E28="Team A",E28="Team B",E28=C28,E28=D28),0,1)) -> #REF! | H28: M10 | I28: K10:L10
A29: Game 26 | B29: QF | C29: =IF(#REF!="","",#REF!) -> #REF! | D29: =IF(#REF!="","",#REF!) -> #REF! | E29: =IF(#REF!="","",IF(OR(#REF!="Team A",#REF!=#REF!),#REF!,IF(OR(#REF!="Team B",#REF!=#REF!),#REF!,#REF!))) -> #REF! | F29: =IF(E29="",1,0) -> #REF! | G29: =IF(E29="",0,IF(OR(E29="Team A",E29="Team B",E29=C29,E29=D29),0,1)) -> #REF! | H29: M18 | I29: K18:L18
A30: Game 27 | B30: QF | C30: =IF(#REF!="","",#REF!) -> #REF! | D30: =IF(#REF!="","",#REF!) -> #REF! | E30: =IF(#REF!="","",IF(OR(#REF!="Team A",#REF!=#REF!),#REF!,IF(OR(#REF!="Team B",#REF!=#REF!),#REF!,#REF!))) -> #REF! | F30: =IF(E30="",1,0) -> #REF! | G30: =IF(E30="",0,IF(OR(E30="Team A",E30="Team B",E30=C30,E30=D30),0,1)) -> #REF! | H30: M26 | I30: K26:L26
A31: Game 28 | B31: QF | C31: =IF(#REF!="","",#REF!) -> #REF! | D31: =IF(#REF!="","",#REF!) -> #REF! | E31: =IF(#REF!="","",IF(OR(#REF!="Team A",#REF!=#REF!),#REF!,IF(OR(#REF!="Team B",#REF!=#REF!),#REF!,#REF!))) -> #REF! | F31: =IF(E31="",1,0) -> #REF! | G31: =IF(E31="",0,IF(OR(E31="Team A",E31="Team B",E31=C31,E31=D31),0,1)) -> #REF! | H31: M34 | I31: K34:L34
A32: Game 29 | B32: SF | C32: =IF(#REF!="","",#REF!) -> #REF! | D32: =IF(#REF!="","",#REF!) -> #REF! | E32: =IF(#REF!="","",IF(OR(#REF!="Team A",#REF!=#REF!),#REF!,IF(OR(#REF!="Team B",#REF!=#REF!),#REF!,#REF!))) -> #REF! | F32: =IF(E32="",1,0) -> #REF! | G32: =IF(E32="",0,IF(OR(E32="Team A",E32="Team B",E32=C32,E32=D32),0,1)) -> #REF! | H32: Q14 | I32: O14:P14
A33: Game 30 | B33: SF | C33: =IF(#REF!="","",#REF!) -> #REF! | D33: =IF(#REF!="","",#REF!) -> #REF! | E33: =IF(#REF!="","",IF(OR(#REF!="Team A",#REF!=#REF!),#REF!,IF(OR(#REF!="Team B",#REF!=#REF!),#REF!,#REF!))) -> #REF! | F33: =IF(E33="",1,0) -> #REF! | G33: =IF(E33="",0,IF(OR(E33="Team A",E33="Team B",E33=C33,E33=D33),0,1)) -> #REF! | H33: Q30 | I33: O30:P30
A34: Game 31 | B34: Final | C34: =IF(#REF!="","",#REF!) -> #REF! | D34: =IF(#REF!="","",#REF!) -> #REF! | E34: =IF(#REF!="","",IF(OR(#REF!="Team A",#REF!=#REF!),#REF!,IF(OR(#REF!="Team B",#REF!=#REF!),#REF!,#REF!))) -> #REF! | F34: =IF(E34="",1,0) -> #REF! | G34: =IF(E34="",0,IF(OR(E34="Team A",E34="Team B",E34=C34,E34=D34),0,1)) -> #REF! | H34: U22 | I34: S22:T22
